,fault_Abrolhos_Transfer,fault_Coomallo,fault_Eneabba_South,fault_Hypo_fault_W,fault_Hypo_fault_E,fault_Urella_North,fault_Darling,fault_Urella_South,Sedimentary_Series,Basement
fault_Abrolhos_Transfer,False,False,False,False,False,False,False,False,True,True
fault_Coomallo,False,False,False,False,False,False,False,False,True,True
fault_Eneabba_South,False,False,False,False,False,False,False,False,True,True
fault_Hypo_fault_W,False,False,False,False,False,False,False,False,True,True
fault_Hypo_fault_E,False,False,False,False,False,False,False,False,True,True
fault_Urella_North,False,False,False,False,False,False,False,False,True,True
fault_Darling,False,False,False,False,False,False,False,False,True,True
fault_Urella_South,False,False,False,False,False,False,False,False,True,True
Sedimentary_Series,False,False,False,False,False,False,False,False,False,False
Basement,False,False,False,False,False,False,False,False,False,False
